{"cameraMode":{"drawMode":0,"name":"Shaded","section":"Shading Mode"},"sceneLighting":false,"audioPlay":false,"sceneViewState":{"m_AlwaysRefresh":false,"showFog":true,"showSkybox":false,"showFlares":true,"showImageEffects":true,"showParticleSystems":true,"showVisualEffectGraphs":true,"m_FxEnabled":true},"in2DMode":false,"pivot":{"x":-0.43976736068725588,"y":5.987690448760986,"z":0.3735923767089844},"rotation":{"x":-0.12723959982395173,"y":-0.5772215127944946,"z":0.09175657480955124,"w":-0.8015905618667603},"size":11.688332557678223,"orthographic":false}